{"token": "ya29.a0AfH6SMA6wE_Vjc4ebExBym-8qBqIm7Qyo0z2DRX262tUkqQmSOwODIfeLjItC0-n48AVRqBuBZuk13JRO0mb-10StefBFLFrcTcUbJxC6kxTylBbFJbsbZJibRa6CvkL6_2mMMdW5Y3nXyyI7UdwPATvnipM", "refresh_token": "1//0gnXWPxNCrsi9CgYIARAAGBASNwF-L9Irf3ApDziVS-suAU5Hv5QGsv8Yghu3NFL2hJg1Eu4dgM1xrks1ReiPZJWZxj0vurEHhJI", "token_uri": "https://oauth2.googleapis.com/token", "client_id": "299263724207-km5t4igtfujtqr63jhi4n4573lc7m27t.apps.googleusercontent.com", "client_secret": "4-Hvdsnh3hcuw0knzfKZu7SI", "scopes": ["https://www.googleapis.com/auth/calendar.readonly"], "expiry": "2021-06-10T00:21:49.080873Z"}